run_id,phase,stage,dataset,model,variant,seed,split_manifest,config_path,git_commit,status,started_at,completed_at,primary_metric,primary_metric_value,checkpoint_path,predictions_path,metrics_path,notes
phase05_hierarchical_internal_test_seed42,phase05,hierarchical_end_to_end,isic2019,efficientnet_b0_stage1+efficientnet_b0_stage2,ce_gate+class_balanced_focal_subtype,42,data/manifests/isic2019_train_val_test_split_seed42.csv,configs/evaluation/phase05_hierarchical_internal_test.yaml,08b7604,completed_locked,2026-07-26T20:50:24Z,2026-07-26T20:51:10Z,predicted_gate_four_class_macro_f1,0.6053674005561019,stage1_sha256=95e02c26b1ea4a0dba17016313c81f97c9c2635270a37b4debbee0f84e07ba3b | stage2_sha256=10986d41b64a685fcd8fe166623c5b1c7fd2f21bdad7cf4d55dedc3967a397fd,runs/phase05_hierarchical_internal_test/locked_primary_evaluation/per_image_hierarchical_predictions.csv,runs/phase05_hierarchical_internal_test/locked_primary_evaluation/hierarchical_metrics.json,One-time locked internal test; oracle macro-F1 0.7936564676; routing macro-F1 loss 0.1882890670; Stage 2 predicted execution rate 42.09%; attempt 1 failed before metrics due AMP dtype mismatch and was preserved; recovery changed no model or protocol.
phase06_flat_four_class_clean_ce_seed42,phase06,flat_four_class,isic2019,efficientnet_b0,cross_entropy,42,data/manifests/isic2019_train_val_test_split_seed42.csv,configs/experiments/phase06_flat_four_class_isic2019_efficientnet_b0_cross_entropy.yaml,,completed_validation,,,validation_macro_f1,0.6535716654,runs/phase06_full/full__phase06_flat_four_class_isic2019_efficientnet_b0_cross_entropy_seed42__20260726T232308Z/best_checkpoint.pt,,,Selected for Phase 06C=true; validation-only macro-F1 selection; balanced accuracy=0.6796986150; accuracy=0.7729007634; weighted F1=0.7806549873; SCC F1=0.3870967742; best epoch=2; completed/configured epochs=9/30; early stopped=true; checkpoint SHA-256=f3d8b8b0e5ef42e3c287a2377b5570411d442246acd16cb874ccf903facdc7a7; internal test accessed=true through locked Phase 06C evaluation; Phase 06C run id=phase06c_selected_flat_internal_test_seed42; one-time protocol consumed=true; no rerun allowed.
phase06b_flat_four_class_cb_focal_seed42,phase06b,flat_four_class,isic2019,efficientnet_b0,class_balanced_focal_beta0.9999_gamma2.0,42,data/manifests/isic2019_train_val_test_split_seed42.csv,configs/experiments/phase06b_flat_four_class_isic2019_efficientnet_b0_class_balanced_focal_loss.yaml,,completed_validation,,2026-07-27T12:34:27Z,validation_macro_f1,0.6490067298,runs/phase06b/full/full__phase06b_flat_four_class_isic2019_efficientnet_b0_class_balanced_focal_loss_seed42__20260727T120615Z/best_checkpoint.pt,,,Full result reportable=true; candidate rejected by validation selection; selected for Phase 06C=false; balanced accuracy=0.6793461931; accuracy=0.7570883315; weighted F1=0.7671360749; SCC F1=0.4302325581; best epoch=11; completed/configured epochs=18/30; early stopped=true; checkpoint SHA-256=07586d515cd9378e05831ca542f391e32b3b7a6c669c7dd83ce1df219b2af015; backup=runs/backups/phase06b/phase06b_cb_focal_training_backup_verified_20260727T123825Z.tar.gz; backup SHA-256=bbaf3f385a2acf2c028243a1e1f73a2b0b5e0914e46bb803ce0e79b4de909f8b; clean CE macro-F1 higher by 0.0045649356; internal test accessed=false.
phase06c_selected_flat_internal_test_seed42,phase06c,flat_four_class_internal_test,isic2019,efficientnet_b0,selected_clean_ce_locked_once,42,data/manifests/isic2019_train_val_test_split_seed42.csv,configs/evaluation/phase06c_selected_flat_internal_test.yaml,550e7cd,completed_locked,2026-07-27T15:22:59Z,2026-07-27T15:34:03Z,internal_test_macro_f1,0.6192224685168973,runs/phase06_full/full__phase06_flat_four_class_isic2019_efficientnet_b0_cross_entropy_seed42__20260726T232308Z/best_checkpoint.pt,runs/phase06c/selected_flat_internal_test/locked_primary_evaluation/internal_test_predictions.csv,runs/phase06c/selected_flat_internal_test/locked_primary_evaluation/internal_test_metrics.json,One-time validation-selected internal-test evaluation; protocol consumed=true; rerun allowed=false; sample count=3668; accuracy=0.7420937841; balanced accuracy=0.6503125394; weighted F1=0.7525567214; mean loss=0.6232672186; checkpoint epoch=2; checkpoint SHA-256=f3d8b8b0e5ef42e3c287a2377b5570411d442246acd16cb874ccf903facdc7a7; archive=runs/backups/phase06c/phase06c_selected_flat_internal_test_550e7cdb1144.tar.gz; archive SHA-256=b76762b53a35a8d9b0aa96621d78ea0e4421aa6e8052d068ffc10648a4e63e91; local backup verified=true; Phase 05 hierarchical macro-F1=0.6053674006; flat minus hierarchy macro-F1=0.0138550680; descriptive single-seed comparison; no significance claim.
phase07_iccit_evidence_closure,phase07,evidence_consolidation,isic2019,flat_vs_conditional_hierarchy,paired_stored_prediction_analysis,42,data/manifests/isic2019_train_val_test_split_seed42.csv,configs/analysis/phase07_paired_model_comparison.yaml,,completed_closure_candidate,,,flat_minus_hierarchical_macro_f1,0.013855067960795386,,reports/phase07/generated/paired_prediction_manifest.csv,reports/phase07/generated/statistical_analysis_results.json,"Pairing passed; protocol and linear quantile frozen pre-execution; paired CI [-0.0142546488,0.0419633760] included zero; McNemar p=0.8207415883; claims locked; efficiency audited; three required paper figures complete; both internal-test protocols consumed; rerun permitted=false; push/merge pending human review."
phase08_scope_evidence_audit,phase08,governance,repository,none,scope_deviation_evidence_completeness_audit,42,,,cb233442,planned,,,,,,,,Documentation and deterministic repository-metadata audit only; no training inference evaluation download or Azure work.
phase09_emb_feasibility_audit,phase09,stage03_data_audit,isic_stage03,none,license_integrity_label_semantics_and_split_protocol,42,data/manifests/emb_stage03_dermoscopic_split_seed42.csv,,,completed,,,,,,,data/manifests/emb_stage03_dermoscopic_split_seed42.audit.json,Completed official-ISIC provenance licence label image overlap and leakage-safe split audit; 856 candidates; 848 eligible; EMB supplied identifiers only and no EMB or Atlas images were acquired.
phase10_stage03_standalone_baseline,phase10,stage03,emb,efficientnet_b0,standalone_severity_feasibility_baseline,42,,,,superseded,,,,,,,,Superseded by the completed Phase-09 ISIC-derived standalone Stage-3 fast-track; this generic EMB experiment was never run.
phase09_stage03_clean_ce_seed42,phase09,stage03,isic_stage03,efficientnet_b0,cross_entropy,42,data/manifests/emb_stage03_dermoscopic_split_seed42.csv,configs/experiments/phase09_stage03_emb_efficientnet_b0_cross_entropy.yaml,2e2594176e123edb2d9d4bf50b6bcc7ad9ab82c3,completed_locked_baseline,,,internal_test_macro_f1,0.16283767911674887,experiments/runs/full__stage03_isic_derived_dermoscopic_efficientnet_b0_cross_entropy_seed42__20260729T202136Z/best_checkpoint.pt,experiments/evaluations/stage03_isic_derived_internal_test_seed42__best_epoch02/internal_test_predictions.csv,experiments/evaluations/stage03_isic_derived_internal_test_seed42__best_epoch02/internal_test_metrics.json,Best epoch=2; validation macro-F1=0.36561465460163317; test consumed=true; rerun_allowed=false; locked baseline; strong Tis majority collapse.
phase09_stage03_inverse_frequency_wce_seed42,phase09,stage03,isic_stage03,efficientnet_b0,inverse_frequency_weighted_cross_entropy,42,data/manifests/emb_stage03_dermoscopic_split_seed42.csv,configs/experiments/phase09_stage03_isic_derived_efficientnet_b0_weighted_cross_entropy.yaml,2e2594176e123edb2d9d4bf50b6bcc7ad9ab82c3,completed_locked_selected,,,internal_test_macro_f1,0.2756106656721984,experiments/runs/full__stage03_isic_derived_dermoscopic_efficientnet_b0_weighted_cross_entropy_seed42__20260729T204920Z/best_checkpoint.pt,experiments/evaluations/stage03_isic_derived_wce_internal_test_seed42__best_epoch12/internal_test_predictions.csv,experiments/evaluations/stage03_isic_derived_wce_internal_test_seed42__best_epoch12/internal_test_metrics.json,Best epoch=12; validation macro-F1=0.43657311157311157; selected before test because validation exceeded 0.365615; test consumed=true; rerun_allowed=false; no further Stage-3 tuning.
phase11_flat_four_class_densenet121_seed42,phase11,flat_four_class_internal_test,isic2019,densenet121,cross_entropy_protocol_matched_final_backbone,42,data/manifests/isic2019_train_val_test_split_seed42.csv,configs/experiments/phase11_flat_four_class_isic2019_densenet121_cross_entropy.yaml,133442a185060d78f23019d6997b12526e6cef3c,completed_locked,2026-07-30T15:51:43Z,,internal_test_macro_f1,0.6351074531606824,runs/phase11/full__phase11_flat_four_class_isic2019_densenet121_cross_entropy_seed42__20260730T155147Z/best_checkpoint.pt,experiments/evaluations/phase11_densenet121_internal_test_seed42__best_epoch04/internal_test_predictions.csv,experiments/evaluations/phase11_densenet121_internal_test_seed42__best_epoch04/internal_test_metrics.json,Protocol-matched final flat backbone; validation-selected epoch=4; validation macro-F1=0.6449820791; completed/configured epochs=11/30; early stopped=true; internal-test sample count=3668; accuracy=0.7914394766; balanced accuracy=0.6168282266; weighted F1=0.7861623640; SCC F1=0.3435582822; SCC recall=0.2978723404; parameters=6957956; checkpoint SHA-256=97f50dd5fb6b8d5a65b1c08035f07bab2bb5683e5647e519527c9cb56afbaa01; archive SHA-256=6879d7374fb748c2ad03aa846b64638a11f1b1d4478972ccda68b3ed50513a05; one-time internal test consumed=true; rerun allowed=false; DenseNet comparison is descriptive because no new paired hypothesis test was performed.
phase11_three_task_sharing_ablation,phase11,multitask,isic2019+emb,shared_efficientnet_b0,full_vs_partial_encoder_sharing_with_masked_losses,42,,,,blocked,,,,,,,,Blocked by successful Phase 10 gate; validation-only selection between full and partial sharing.
phase11_final_three_stage_evaluation,phase11,hierarchical_end_to_end,isic2019+emb,selected_three_task_model,frozen_conditional_three_stage_evaluation,42,,,,blocked,,,,,,,,Blocked by Phase 11 validation selection and a frozen one-time evaluation protocol.
phase12_shared_vs_separate_comparison,phase12,comparative,isic2019+emb,shared_vs_task_specific,matched_three_task_comparison,42,,,,not_started,,,,,,,,Reuse locked Stage 1 and Stage 2 evidence where compatible; requires frozen standalone Stage 3 and shared model.
phase12_locked_comparator_synthesis,phase12,evidence_synthesis,isic2019+emb,final_vs_locked_comparators,flat_two_stage_and_three_stage_synthesis,42,,,,not_started,,,,,,,,Phase 05 Phase 06C and Phase 07 evidence must be reused without rerunning locked inference.
phase13_candidate_external_evaluation,phase13,external_evaluation,candidate_pending_audit,frozen_final_and_eligible_comparators,zero_shot_predeclared_label_mapping,42,,,,protocol_pending,,,,,,,,HIBA is only a candidate until compatibility licence modality labels identifiers and support are audited; an approved external cohort must not be used for model threshold preprocessing checkpoint or architecture selection.
phase13_preregistered_xai,phase13,xai,isic2019+hiba,frozen_final_and_selected_comparator,gradcam_predeclared_representative_cases,42,,,,protocol_pending,,,,,,,,Case strata seed layer and review rubric must be frozen before maps are viewed; XAI cannot prove clinical correctness.
phase14_integrated_analysis,phase14,statistics_routing_efficiency,isic2019+emb+hiba,frozen_final_and_comparators,three_stage_paired_routing_and_matched_t4_profile,42,,,,not_started,,,,,,,,Report unavailable measures as unavailable; no result-driven rerun and no unsupported significance claim.
phase15_iccit_manuscript_audit,phase15,manuscript,repository,none,evidence_mapping_claims_lock_and_submission_checks,42,,,,not_started,,,,,,,,No submission while a central claim is unsupported or a mandatory compliance decision is unresolved.
